{
  "description": "项目私有配置文件。此文件中的内容将覆盖 project.config.json 中的相同字段。项目的改动优先同步到此文件中。详见文档：https://developers.weixin.qq.com/miniprogram/dev/devtools/projectconfig.html",
  "projectname": "%E5%A4%9A%E5%8A%9F%E8%83%BD%E6%99%BA%E8%83%BD%E9%9D%A2%E8%AF%95%E8%AF%84%E6%B5%8B%E7%B3%BB%E7%BB%9F",
  "setting": {
    "compileHotReLoad": true,
    "urlCheck": true,
    "coverView": true,
    "lazyloadPlaceholderEnable": false,
    "skylineRenderEnable": false,
    "preloadBackgroundData": false,
    "autoAudits": false,
    "useApiHook": true,
    "useApiHostProcess": true,
    "showShadowRootInWxmlPanel": true,
    "useStaticServer": false,
    "useLanDebug": false,
    "showES6CompileOption": false,
    "bigPackageSizeSupport": false,
    "checkInvalidKey": true,
    "ignoreDevUnusedFiles": true
  },
  "libVersion": "3.8.9",
  "condition": {
    "miniprogram": {
      "list": [
        {
          "name": "pages/person/person",
          "pathName": "pages/person/person",
          "query": "",
          "scene": null,
          "launchMode": "default"
        },
        {
          "name": "pages/report/report",
          "pathName": "pages/report/report",
          "query": "",
          "launchMode": "default",
          "scene": null
        },
        {
          "name": "pages/message/message",
          "pathName": "pages/message/message",
          "query": "",
          "launchMode": "default",
          "scene": null
        }
      ]
    }
  }
}